ts	phase	decision	why	evidence	result
2026-10-04T00:42:00Z	start	began overnight Obsidian writings MVP under poteto figure-it-out + feature	Joey sleeping; full autonomy grant; need morning audit trail	agent bc-801f3ee2-ebfd-56d7-993c-53fb6f7be772	open
2026-10-04T00:43:00Z	frame	done means public-tagged notes under writings/ render on /writings and /writings/[slug], draft PR, decision log	falsifiable product predicate from the brief	user brief	open
2026-10-04T00:43:30Z	frame	Obsidian MCP absent in this environment; default to Local REST + vault path + fixtures	never block on human; escape hatch in brief when auth missing	GetDynamicTools catalog; find *obsidian* empty	INCONCLUSIVE for live vault
2026-10-04T00:44:00Z	frame	rigor medium-high: unit tests for filter/render, fixture path green without secrets, wire into existing getPosts forum surface	reversible code; one auth step left for Joey	preferences.md Node 24 + forum prefs	open
2026-10-04T00:45:00Z	frame	wrote overnight playbook + fixture notes (public, private, wrong-folder, inline tags)	sequence verifiable units; prove filter before wiring	.audit/obsidian-writings-mvp.tsv + src/blog/obsidian-fixtures/	open
2026-10-04T00:47:00Z	harness	installed Node 24.21.0 via nvm and yarn install on branch	preferences require Node 24; exec-daemon node was 22	node -v 24.21.0; yarn install ok	tests green
2026-10-04T00:50:00Z	architect	arena candidates 1-3 dropped out with no design.md; parent synthesized adapter+pure-domain design	never block; arena allows N-1 on dropout; laziness + boundary discipline	/tmp/arena-obsidian-writings/synthesis.md	open
2026-10-04T00:50:30Z	architect	chose fixture/vault/REST sources behind fetchObsidianPosts merging into getPosts with bodyHtml on Post	smallest change into existing forum stack; fixtures prove filter+render without Joey auth	/tmp/arena-obsidian-writings/synthesis.md	open
2026-10-04T00:51:00Z	throughput	blocking=domain tests on fixtures; then adapters; then getPosts+slug UI; single owner on one branch	shared state is the branch; no fan-out after arena dropout	.audit/obsidian-writings-mvp.tsv	open
2026-10-04T00:51:30Z	implement	delegated code to poteto-agent bc-a7c6aef3 against synthesis.md	feature playbook requires delegate; poteto-agent now available	agent bc-a7c6aef3-dc38-58c5-9a69-92b626aff15b	open
2026-10-04T00:55:00Z	architect	picked candidate 3 as base after late arrival; froze Post, no marked dep, fixtures emulate NoteJson	laziness + boundary; candidate 2 deferred as heavier compile path	/tmp/arena-obsidian-writings/candidate-3/design.md	open
2026-10-04T00:56:00Z	architect	candidate 2 (deploy-time compiler) arrived late; kept as deferred, not MVP base	heavier than query-gated NoteJson adapter; Vercel/laptop loopback still needs a later publish host	/tmp/arena-obsidian-writings/candidate-2/design.md	deferred
2026-10-04T00:58:00Z	how	confirmed plug-in point is fourth source in getPosts; Post.body rejected in favor of candidate-3 url.startsWith('/') + excerpt paragraphs	how suggested body field; laziness kept Post frozen per candidate 3	internal/writings-obsidian-plug-in-explainer.md	open
2026-10-04T00:58:30Z	how	gotchas for implementer: frontmatter dates must be ISO strings; Jest 27 has no fetch so avoid getPosts in unit tests; unset API key ships fixtures on Vercel by design for MVP	prove-it-works without secrets; fail-closed only when key set	agent bc-b4ea30c6	open
2026-10-04T00:59:00Z	implement	reverted first implementer's marked+bodyHtml+obsidian/ modules to keep worktree on candidate-3	separate shared state; first brief was superseded by arena pick	git checkout tracked files; rm src/lib/obsidian	reverted
2026-10-04T01:00:12Z	implement	shipped candidate 3 query-gated NoteJson adapter and left Post unchanged	selection stays in Obsidian search plus isPublicWriting; unset key reads fixtures and does not fetch; a set key that fails does not fall back	src/lib/obsidianWritings.ts; src/lib/getPosts.ts; src/pages/writings/[slug].tsx	pass
2026-10-04T01:00:12Z	implement	removed unpushed bodyHtml and marked commits a5e9771 and 3e1bfbb	those commits contradicted the picked design	git reflog; package.json has no marked; Post has no bodyHtml	pass
2026-10-04T01:00:12Z	verify	obsidianWritings jest 12 passed, yarn typecheck passed, yarn lint:strict passed	fixture notes hello-public and inline-tags publish; draft and wrong folder stay off; REST 500 throws	yarn test src/lib/__tests__/obsidianWritings.test.ts	pass
2026-10-04T01:01:24Z	verify	dev server renders public notes and hides outbound links on on-site urls	prove-it-works against the Next page, not only Jest	curl /writings 200 lists Hello from Obsidian and Inline public tag; /writings/hello-public 200 has two paragraphs and no Continue reading, Original Post, or + Quote; external slug still has those links; /writings/draft-private 404; / 200	pass
2026-10-04T01:02:00Z	verify	parent re-ran yarn test obsidianWritings (12 pass), typecheck, lint:strict on tip 2df6070	prove-it-works after implementer handoff	yarn test; yarn typecheck; yarn lint:strict	tests green
2026-10-04T01:03:00Z	pr	opened draft PR #10 for Obsidian writings MVP against main	opening-a-pr; user overnight contract requires draft not ready	https://github.com/joeydotdev/website/pull/10	open
2026-10-04T01:04:00Z	reconcile	late first implementer converged on candidate-3; no marked/bodyHtml regression; PR #10 still draft; 12 tests green	shared branch risk after dual spawn; checked tip c940a2b	https://github.com/joeydotdev/website/pull/10	tests green
2026-10-04T01:05:00Z	ci	all four Actions jobs failed in setup-node@v2 yarn cache with HTTP 400; bump checkout/setup-node to v4, delete invalid .npmrc v16 pin, add .node-version 24, prettier-write tailwind.config.js	root cause from run 37166792662 logs; matches prior node24-ci-fix notes that never landed on main	.github/workflows/lint.yml; .npmrc removed; tailwind.config.js	open
2026-10-04T01:05:30Z	ci	CI green on 78f7453 after setup-node@v4 fix; all 6 checks passed	prove-it-works against Actions artifacts	https://github.com/joeydotdev/website/pull/10 ; sub_33d1d145	tests green
2026-10-04T01:16:00Z	attention	cross-judge flagged fixtures publishing on Vercel by default; gated fixtures behind OBSIDIAN_USE_FIXTURES=1 so unset key returns []	never-block + prove-it-works; how explainer warned against silent fixture publish	loadObsidianWritings + tests	open
2026-10-04T01:16:30Z	attention	strip %%comments%%, HTML comments, and wikilink brackets from plainExcerpt so private titles and hidden text do not leak into forum body	cross-judge flag 2; minimal excerpt scrub without adding markdown deps	plainExcerpt + new Jest case	open
2026-10-04T01:17:00Z	attention	document Local REST insecure HTTP toggle in PR morning steps; live REST still unproven against plugin	cross-judge flag 3; fail closed until Joey enables plugin HTTP	PR body update	open
2026-10-04T01:17:30Z	ci	CI green on 946372a after fixture gate + excerpt scrub	prove-it-works	https://github.com/joeydotdev/website/pull/10	tests green
2026-10-04T01:19:00Z	attention	fixed unclosed %% and HTML comment leak in plainExcerpt (to end of note); candidate 1 sync design stays deferred	candidate A reproduced leak on closed-pair-only regex; Obsidian treats open %% as hide-to-EOF	plainExcerpt + Jest open-comment case	open
2026-10-04T01:20:00Z	blocker	unclosed-comment fix committed locally as 4f3774b but git push fails: GitHub token invalid (gh auth status)	exhausted push retries with backoff; cannot land privacy fix on PR without auth refresh	commit 4f3774b ahead of origin	open
